"outcome_id","outcome_name"
1,"Outcome001"
2,"Outcome002"
3,"Outcome003"
4,"Outcome004"
5,"Outcome005"
6,"Outcome006"
7,"Outcome007"
8,"Outcome008"
9,"Outcome009"
10,"Outcome010"
11,"Outcome011"
12,"Outcome012"
13,"Outcome013"
14,"Outcome014"
15,"Outcome015"
16,"Outcome016"
17,"Outcome017"
18,"Outcome018"
19,"Outcome019"
20,"Outcome020"
21,"Outcome021"
22,"Outcome022"
23,"Outcome023"
24,"Outcome024"
25,"Outcome025"
26,"Outcome026"
27,"Outcome027"
28,"Outcome028"
29,"Outcome029"
30,"Outcome030"
31,"Outcome031"
32,"Outcome032"
33,"Outcome033"
34,"Outcome034"
35,"Outcome035"
36,"Outcome036"
37,"Outcome037"
38,"Outcome038"
39,"Outcome039"
40,"Outcome040"
41,"Outcome041"
42,"Outcome042"
43,"Outcome043"
44,"Outcome044"
45,"Outcome045"
46,"Outcome046"
47,"Outcome047"
48,"Outcome048"
49,"Outcome049"
50,"Outcome050"
51,"Outcome051"
52,"Outcome052"
53,"Outcome053"
54,"Outcome054"
55,"Outcome055"
56,"Outcome056"
57,"Outcome057"
58,"Outcome058"
59,"Outcome059"
60,"Outcome060"
61,"Outcome061"
62,"Outcome062"
63,"Outcome063"
64,"Outcome064"
65,"Outcome065"
66,"Outcome066"
67,"Outcome067"
68,"Outcome068"
69,"Outcome069"
70,"Outcome070"
71,"Outcome071"
72,"Outcome072"
73,"Outcome073"
74,"Outcome074"
75,"Outcome075"
76,"Outcome076"
77,"Outcome077"
78,"Outcome078"
79,"Outcome079"
80,"Outcome080"
81,"Outcome081"
82,"Outcome082"
83,"Outcome083"
84,"Outcome084"
85,"Outcome085"
86,"Outcome086"
87,"Outcome087"
88,"Outcome088"
89,"Outcome089"
90,"Outcome090"
91,"Outcome091"
92,"Outcome092"
93,"Outcome093"
94,"Outcome094"
95,"Outcome095"
96,"Outcome096"
97,"Outcome097"
98,"Outcome098"
99,"Outcome099"
100,"Outcome100"
